Onglet;Domaine;Sous Domaine;Indicateur;Champs;Formule;
Effectifs;Evolution des effectifs;Effectif;Effectif total au 31/12;Cadre;Nombre [matricule] par [structure] dont [CSP] est 'Cadre' et année[Date de sortie] dans ('reference','null')
Effectifs;Evolution des effectifs;Effectif;Effectif total au 31/12;Agent de Maitrise ;Nombre [matricule] par [structure] dont [CSP] est 'Agent de maitrise' et année[Date de sortie] dans ('reference','null')
Effectifs;Evolution des effectifs;Effectif;Effectif total au 31/12;Employé;Nombre [matricule] par [structure] dont [CSP] est 'employé' et année[Date de sortie] dans ('reference','null')
Effectifs;Evolution des effectifs;Effectif;Effectif total au 31/12;Ouvrier;Nombre [matricule] par [structure] dont [CSP] est 'Ouvrier' et année[Date de sortie] dans ('reference','null')
Effectifs;Evolution des effectifs;Effectif;Effectif total au 31/12;Technicien;Nombre [matricule] par [structure] dont [CSP] est 'Technicien' et année[Date de sortie] dans ('reference','null')
Effectifs;Evolution des effectifs;Effectif;Effectif permanent;Cadre;Nombre [matricule] par [structure] dont [Type de contrat] est 'CDI' et  [Durée du temps de travail hebdomadaire] >= '35' et [CSP] est 'Cadre' et année[Date de sortie] dans ('reference','null')
Effectifs;Evolution des effectifs;Effectif;Effectif permanent;Agent de Maitrise ;Nombre [matricule] par [structure] dont [Type de contrat] est 'CDI' et  [Durée du temps de travail hebdomadaire] >= '35' et [CSP] est 'Agent de maitrise' et année[Date de sortie] dans ('reference','null')
Effectifs;Evolution des effectifs;Effectif;Effectif permanent;Employé;Nombre [matricule] par [structure] dont [Type de contrat] est 'CDI' et  [Durée du temps de travail hebdomadaire] >= '35' et [CSP] est 'employé' et année[Date de sortie] dans ('reference','null')
Effectifs;Evolution des effectifs;Effectif;Effectif permanent;Ouvrier;Nombre [matricule] par [structure] dont [Type de contrat] est 'CDI' et  [Durée du temps de travail hebdomadaire] >= '35' et [CSP] est 'Ouvrier' et année[Date de sortie] dans ('reference','null')
Effectifs;Evolution des effectifs;Effectif;Effectif permanent;Technicien;Nombre [matricule] par [structure] dont [Type de contrat] est 'CDI' et  [Durée du temps de travail hebdomadaire] >= '35' et [CSP] est 'Technicien' et année[Date de sortie] dans ('reference','null')
Effectifs;Evolution des effectifs;Effectif;Nombre de salariés titulaires d'un contrat de travail à durée déterminée au 31/12;Cadre;Nombre [matricule] par [structure] dont [Type de contrat] est 'CDD' et [CSP] est 'Cadre' et année[Date de sortie] dans ('reference','null')
Effectifs;Evolution des effectifs;Effectif;Nombre de salariés titulaires d'un contrat de travail à durée déterminée au 31/12;Agent de Maitrise ;Nombre [matricule] par [structure] dont [Type de contrat] est 'CDD' et [CSP] est 'Agent de maitrise' et année[Date de sortie] dans ('reference','null')
Effectifs;Evolution des effectifs;Effectif;Nombre de salariés titulaires d'un contrat de travail à durée déterminée au 31/12;Employé;Nombre [matricule] par [structure] dont [Type de contrat] est 'CDD' et [CSP] est 'employé' et année[Date de sortie] dans ('reference','null')
Effectifs;Evolution des effectifs;Effectif;Nombre de salariés titulaires d'un contrat de travail à durée déterminée au 31/12;Ouvrier;Nombre [matricule] par [structure] dont [Type de contrat] est 'CDD' et [CSP] est 'Ouvrier' et année[Date de sortie] dans ('reference','null')
Effectifs;Evolution des effectifs;Effectif;Nombre de salariés titulaires d'un contrat de travail à durée déterminée au 31/12;Technicien;Nombre [matricule] par [structure] dont [Type de contrat] est 'CDD' et [CSP] est 'Technicien' et année[Date de sortie] dans ('reference','null')
Effectifs;Evolution des effectifs;Répartition de l'effectif;Répartition de l'effectif total au 31/12 pour les hommes;Cadre;Nombre [matricule] par [structure] dont [Sexe] est 'homme' et [CSP] est 'Cadre' et année[Date de sortie] dans ('reference','null')
Effectifs;Evolution des effectifs;Répartition de l'effectif;Répartition de l'effectif total au 31/12 pour les hommes;Agent de Maitrise ;Nombre [matricule] par [structure] dont [Sexe] est 'homme' et [CSP] est 'Agent de maitrise' et année[Date de sortie] dans ('reference','null')
Effectifs;Evolution des effectifs;Répartition de l'effectif;Répartition de l'effectif total au 31/12 pour les hommes;Employé;Nombre [matricule] par [structure] dont [Sexe] est 'homme' et [CSP] est 'employé' et année[Date de sortie] dans ('reference','null')
Effectifs;Evolution des effectifs;Répartition de l'effectif;Répartition de l'effectif total au 31/12 pour les hommes;Ouvrier;Nombre [matricule] par [structure] dont [Sexe] est 'homme' et [CSP] est 'Ouvrier' et année[Date de sortie] dans ('reference','null')
Effectifs;Evolution des effectifs;Répartition de l'effectif;Répartition de l'effectif total au 31/12 pour les hommes;Technicien;Nombre [matricule] par [structure] dont [Sexe] est 'homme' et [CSP] est 'Technicien' et année[Date de sortie] dans ('reference','null')
Effectifs;Evolution des effectifs;Répartition de l'effectif;Répartition de l'effectif total au 31/12 pour les femmes;Cadre;Nombre [matricule] par [structure] dont [Sexe] est 'femme' et [CSP] est 'Cadre' et année[Date de sortie] dans ('reference','null')
Effectifs;Evolution des effectifs;Répartition de l'effectif;Répartition de l'effectif total au 31/12 pour les femmes;Agent de Maitrise ;Nombre [matricule] par [structure] dont [Sexe] est 'femme' et [CSP] est 'Agent de maitrise' et année[Date de sortie] dans ('reference','null')
Effectifs;Evolution des effectifs;Répartition de l'effectif;Répartition de l'effectif total au 31/12 pour les femmes;Employé;Nombre [matricule] par [structure] dont [Sexe] est 'femme' et [CSP] est 'employé' et année[Date de sortie] dans ('reference','null')
Effectifs;Evolution des effectifs;Répartition de l'effectif;Répartition de l'effectif total au 31/12 pour les femmes;Ouvrier;Nombre [matricule] par [structure] dont [Sexe] est 'femme' et [CSP] est 'Ouvrier' et année[Date de sortie] dans ('reference','null')
Effectifs;Evolution des effectifs;Répartition de l'effectif;Répartition de l'effectif total au 31/12 pour les femmes;Technicien;Nombre [matricule] par [structure] dont [Sexe] est 'femme' et [CSP] est 'Technicien' et année[Date de sortie] dans ('reference','null')
Effectifs;Evolution des effectifs;Répartition de l'effectif;Répartition de l'effectif total au 31/12 de nationalité française;Cadre;Nombre [matricule] par [structure] dont [Nationalité] est 'Francaise' et [CSP] est 'Cadre' et année[Date de sortie] dans ('reference','null')
Effectifs;Evolution des effectifs;Répartition de l'effectif;Répartition de l'effectif total au 31/12 de nationalité française;Agent de Maitrise ;Nombre [matricule] par [structure] dont [Nationalité] est 'Francaise' et [CSP] est 'Agent de maitrise' et année[Date de sortie] dans ('reference','null')
Effectifs;Evolution des effectifs;Répartition de l'effectif;Répartition de l'effectif total au 31/12 de nationalité française;Employé;Nombre [matricule] par [structure] dont [Nationalité] est 'Francaise' et [CSP] est 'employé' et année[Date de sortie] dans ('reference','null')
Effectifs;Evolution des effectifs;Répartition de l'effectif;Répartition de l'effectif total au 31/12 de nationalité française;Ouvrier;Nombre [matricule] par [structure] dont [Nationalité] est 'Francaise' et [CSP] est 'Ouvrier' et année[Date de sortie] dans ('reference','null')
Effectifs;Evolution des effectifs;Répartition de l'effectif;Répartition de l'effectif total au 31/12 de nationalité française;Technicien;Nombre [matricule] par [structure] dont [Nationalité] est 'Francaise' et [CSP] est 'Technicien' et année[Date de sortie] dans ('reference','null')
Effectifs;Evolution des effectifs;Répartition de l'effectif;Répartition de l'effectif total au 31/12 de nationalité étrangère;Cadre;Nombre [matricule] par [structure] dont [Nationalité] est 'Autre' et [CSP] est 'Cadre'  et année[Date de sortie] dans ('reference','null')
Effectifs;Evolution des effectifs;Répartition de l'effectif;Répartition de l'effectif total au 31/12 de nationalité étrangère;Agent de Maitrise ;Nombre [matricule] par [structure] dont [Nationalité] est 'Autre' et [CSP] est 'Agent de maitrise' et année[Date de sortie] dans ('reference','null')
Effectifs;Evolution des effectifs;Répartition de l'effectif;Répartition de l'effectif total au 31/12 de nationalité étrangère;Employé;Nombre [matricule] par [structure] dont [Nationalité] est 'Autre' et [CSP] est 'employé' et année[Date de sortie] dans ('reference','null')
Effectifs;Evolution des effectifs;Répartition de l'effectif;Répartition de l'effectif total au 31/12 de nationalité étrangère;Ouvrier;Nombre [matricule] par [structure] dont [Nationalité] est 'Autre' et [CSP] est 'Ouvrier' et année[Date de sortie] dans ('reference','null')
Effectifs;Evolution des effectifs;Répartition de l'effectif;Répartition de l'effectif total au 31/12 de nationalité étrangère;Technicien;Nombre [matricule] par [structure] dont [Nationalité] est 'Autre' et [CSP] est 'Technicien' et année[Date de sortie] dans ('reference','null')
Effectifs;Evolution du nombre de stagiaires;Evolution du nombre de stagiaires;Nombre de stagiaires;Nombre de stagiaires;Nombre [matricule] par [structure] dont [Type de contrat] est 'stage' et année[Date de sortie] dans ('reference','null')
Effectifs;Emploi;Embauches;Nombre d'embauches par contrats de travail à durée indéterminée;Nombre d’embauches par contrats de travail à durée indéterminée;Nombre [matricule] par [structure] dont [Type de contrat] est 'CDI' et [Date d'entrée] est la date de référence
Effectifs;Emploi;Embauches;Nombre d'embauches par contrats de travail à durée déterminée (dont travailleurs saisonniers);Cadre;Nombre [matricule] par [structure] dont [Type de contrat] est 'CDD' et [Date d'entrée] est la date de référence et [CSP] est 'Cadre'
Effectifs;Emploi;Embauches;Nombre d'embauches par contrats de travail à durée déterminée (dont travailleurs saisonniers);Agent de Maitrise ;Nombre [matricule] par [structure] dont [Type de contrat] est 'CDD' et [Date d'entrée] est la date de référence et [CSP] est 'Agent de maitrise'
Effectifs;Emploi;Embauches;Nombre d'embauches par contrats de travail à durée déterminée (dont travailleurs saisonniers);Employé;Nombre [matricule] par [structure] dont [Type de contrat] est 'CDD' et [Date d'entrée] est la date de référence et [CSP] est 'employé' 
Effectifs;Emploi;Embauches;Nombre d'embauches par contrats de travail à durée déterminée (dont travailleurs saisonniers);Ouvrier;Nombre [matricule] par [structure] dont [Type de contrat]est 'CDD' et [Date d'entrée] est la date de référence et [CSP] est 'Ouvrier' 
Effectifs;Emploi;Embauches;Nombre d'embauches par contrats de travail à durée déterminée (dont travailleurs saisonniers);Technicien;Nombre [matricule] par [structure] dont [Type de contrat] est 'CDD' et [Date d'entrée] est la date de référence et [CSP] est 'Technicien'
Effectifs;Emploi;Embauches;Nombre d'embauches de salariés de moins de vingt-cinq ans;Nombre d'embauches de salariés de moins de vingt-cinq ans;Nombre [matricule] par [structure] dont Age << '26' et année[Date d'entrée] est 'référence'
Effectifs;Emploi;Départs;Total des départs;Cadre;Nombre [matricule] par [structure] dont année[Date de sortie] est 'référence' et [CSP] est 'Cadre'
Effectifs;Emploi;Départs;Total des départs;Agent de Maitrise ;Nombre [matricule] par [structure] dont année[Date de sortie] est 'référence' et [CSP] est 'Agent de maitrise'
Effectifs;Emploi;Départs;Total des départs;Employé;Nombre [matricule] par [structure] dont année[Date de sortie] est 'référence' et [CSP] est 'employé'
Effectifs;Emploi;Départs;Total des départs;Ouvrier;Nombre [matricule] par [structure] dont année[Date de sortie] est 'référence' et [CSP] est 'Ouvrier'
Effectifs;Emploi;Départs;Total des départs;Technicien;Nombre [matricule] par [structure] dont année[Date de sortie] est 'référence' et [CSP] est 'Technicien'
Effectifs;Emploi;Départs;Nombre de démissions;Cadre;Nombre [matricule] par [structure] dont année[Date de sortie] est 'référence' et [Nature de la fin de contrat] est 'démission' et [CSP] est 'Cadre'
Effectifs;Emploi;Départs;Nombre de démissions;Agent de Maitrise ;Nombre [matricule] par [structure] dont année[Date de sortie] est 'référence' et [Nature de la fin de contrat] est 'démission' et [CSP] est 'Agent de maitrise'
Effectifs;Emploi;Départs;Nombre de démissions;Employé;Nombre [matricule] par [structure] dont année[Date de sortie] est 'référence' et [Nature de la fin de contrat] est 'démission' et [CSP] est 'employé'
Effectifs;Emploi;Départs;Nombre de démissions;Ouvrier;Nombre [matricule] par [structure] dont année[Date de sortie] est 'référence' et [Nature de la fin de contrat] est 'démission' et [CSP] est 'Ouvrier'
Effectifs;Emploi;Départs;Nombre de démissions;Technicien;Nombre [matricule] par [structure] dont année[Date de sortie] est 'référence' et [Nature de la fin de contrat] est 'démission' et [CSP] est 'Technicien'
Effectifs;Emploi;Départs;Nombre de licenciements pour motif économique, dont départs en retraite et préretraite;Cadre;Nombre [matricule] par [structure] dont année[Date de sortie] est 'référence' et [Nature de la fin de contrat] est 'licenciement économique' et [CSP] est 'Cadre'
Effectifs;Emploi;Départs;Nombre de licenciements pour motif économique, dont départs en retraite et préretraite;Agent de Maitrise ;Nombre [matricule] par [structure] dont année[Date de sortie] est 'référence' et [Nature de la fin de contrat] est 'licenciement économique' et [CSP] est 'Agent de maitrise'
Effectifs;Emploi;Départs;Nombre de licenciements pour motif économique, dont départs en retraite et préretraite;Employé;Nombre [matricule] par [structure] dont année[Date de sortie] est 'référence' et [Nature de la fin de contrat] est 'licenciement économique' et [CSP] est 'employé'
Effectifs;Emploi;Départs;Nombre de licenciements pour motif économique, dont départs en retraite et préretraite;Ouvrier;Nombre [matricule] par [structure] dont année[Date de sortie] est 'référence' et [Nature de la fin de contrat] est 'licenciement économique' et [CSP] est 'Ouvrier'
Effectifs;Emploi;Départs;Nombre de licenciements pour motif économique, dont départs en retraite et préretraite;Technicien;Nombre [matricule] par [structure] dont année[Date de sortie] est 'référence' et [Nature de la fin de contrat] est 'licenciement économique' et [CSP] est 'Technicien'
Effectifs;Emploi;Départs;Nombre de licenciements pour d'autres causes;Cadre;Nombre [matricule] par [structure] dont année[Date de sortie] est 'référence' et  [Nature de la fin de contrat] notin('licenciement économique', 'démission') et [CSP] est 'Cadre'
Effectifs;Emploi;Départs;Nombre de licenciements pour d'autres causes;Agent de Maitrise ;Nombre [matricule] par [structure] dont année[Date de sortie] est 'référence' et [Nature de la fin de contrat] notin('licenciement économique', 'démission') et [CSP] est 'Agent de maitrise'
Effectifs;Emploi;Départs;Nombre de licenciements pour d'autres causes;Employé;Nombre [matricule] par [structure] dont année[Date de sortie] est 'référence' et [Nature de la fin de contrat] notin('licenciement économique', 'démission') et [CSP] est 'employé'
Effectifs;Emploi;Départs;Nombre de licenciements pour d'autres causes;Ouvrier;Nombre [matricule] par [structure] dont année[Date de sortie] est 'référence' et  [Nature de la fin de contrat] notin('licenciement économique', 'démission') et [CSP] est 'Ouvrier'
Effectifs;Emploi;Départs;Nombre de licenciements pour d'autres causes;Technicien;Nombre [matricule] par [structure] dont année[Date de sortie] est 'référence' et  [Nature de la fin de contrat] notin('licenciement économique', 'démission')  et [CSP] est 'Technicien'
Effectifs;Emploi;Départs;Nombre de fins de contrats de travail à durée déterminée;Cadre;Nombre [matricule] par [structure] dont année[Date de sortie] est 'référence' et [type de contrat] est 'CDD' et [CSP] est 'Cadre'
Effectifs;Emploi;Départs;Nombre de fins de contrats de travail à durée déterminée;Agent de Maitrise ;Nombre [matricule] par [structure] dont année[Date de sortie] est 'référence' et [type de contrat] est 'CDD' et [CSP] est 'Agent de maitrise'
Effectifs;Emploi;Départs;Nombre de fins de contrats de travail à durée déterminée;Employé;Nombre [matricule] par [structure] dont année[Date de sortie] est 'référence' et [type de contrat] est 'CDD' et [CSP] est 'employé'
Effectifs;Emploi;Départs;Nombre de fins de contrats de travail à durée déterminée;Ouvrier;Nombre [matricule] par [structure] dont année[Date de sortie] est 'référence' et [type de contrat] est 'CDD' et [CSP] est 'Ouvrier'
Effectifs;Emploi;Départs;Nombre de fins de contrats de travail à durée déterminée;Technicien;Nombre [matricule] par [structure] dont année[Date de sortie] est 'référence' et [type de contrat] est 'CDD' et [CSP] est 'Technicien'
Effectifs;Emploi;Départs;Nombre de décès;Cadre;Nombre [matricule] par [structure] dont année[Date de sortie] est 'référence' et [Nature de la fin de contrat] est 'décès' et [CSP] est 'Cadre'
Effectifs;Emploi;Départs;Nombre de décès;Agent de Maitrise ;Nombre [matricule] par [structure] dont année[Date de sortie] est 'référence' et [Nature de la fin de contrat] est 'décès' et [CSP] est 'Agent de maitrise'
Effectifs;Emploi;Départs;Nombre de décès;Employé;Nombre [matricule] par [structure] dont année[Date de sortie] est 'référence' et [Nature de la fin de contrat] est 'décès' et [CSP] est 'employé'
Effectifs;Emploi;Départs;Nombre de décès;Ouvrier;Nombre [matricule] par [structure] dont année[Date de sortie] est 'référence' et [Nature de la fin de contrat] est 'décès' et [CSP] est 'Ouvrier'
Effectifs;Emploi;Départs;Nombre de décès;Technicien;Nombre [matricule] par [structure] dont année[Date de sortie] est 'référence' et [Nature de la fin de contrat] est 'décès' et [CSP] est 'Technicien'
Effectifs;Travailleurs handicapés;Handicapés;Nombre de travailleurs handicapés à la suite d'accidents du travail intervenus dans l'entreprise, employés au 31 mars de l'année considérée;Nombre de travailleurs handicapés;Nombre [matricule] par [structure] dont [Type de reconnaissance] est 'RQTH' et année[Date de sortie] dans ('reference','null')
Effectifs;Evolution des effectifs;Travailleurs extérieurs;Evolution du nombre de stagiaires;Evolution du nombre de stagiaires;Nombre [matricule] par [structure] dont [Type de contrat] est 'stage' et année[Date de sortie] dans ('reference','null')
Effectifs;Formation;Apprentissage;Nombre de contrats d'apprentissage conclus dans l'année;Nombre de contrats d'apprentissage conclus dans l'année;Nombre [matricule] par [structure] dont [Type de contrat] est 'Apprentissage' et année[Date de sortie] dans ('reference','null')
Effectifs;Autres conditions de travail;Durée et aménagement du temps de travail;Nombre de salariés employés à temps partiel entre 20 et 30 heures;Cadre;Nombre [matricule] par [structure] dont [Durée du temps de travail hebdomadaire] entre '20' et '30' et [CSP] est 'Cadre' et année[Date de sortie] dans ('reference','null')
Effectifs;Autres conditions de travail;Durée et aménagement du temps de travail;Nombre de salariés employés à temps partiel entre 20 et 30 heures;Agent de Maitrise ;Nombre [matricule] par [structure] dont [Durée du temps de travail hebdomadaire] entre '20' et '30' et [CSP] est 'Agent de maitrise' et année[Date de sortie] dans ('reference','null')
Effectifs;Autres conditions de travail;Durée et aménagement du temps de travail;Nombre de salariés employés à temps partiel entre 20 et 30 heures;Employé;Nombre [matricule] par [structure] dont [Durée du temps de travail hebdomadaire] entre '20' et '30' et [CSP] est 'employé' et année[Date de sortie] dans ('reference','null')
Effectifs;Autres conditions de travail;Durée et aménagement du temps de travail;Nombre de salariés employés à temps partiel entre 20 et 30 heures;Ouvrier;Nombre [matricule] par [structure] dont [Durée du temps de travail hebdomadaire] entre '20' et '30' et [CSP] est 'Ouvrier' et année[Date de sortie] dans ('reference','null')
Effectifs;Autres conditions de travail;Durée et aménagement du temps de travail;Nombre de salariés employés à temps partiel entre 20 et 30 heures;Technicien;Nombre [matricule] par [structure] dont [Durée du temps de travail hebdomadaire] entre '20' et '30' et [CSP] est 'Technicien' et année[Date de sortie] dans ('reference','null')
Effectifs;Autres conditions de travail;Durée et aménagement du temps de travail;Nombre de salariés employés en autres formes de temps partiel;Cadre;Nombre [matricule] par [structure] dont [Durée du temps de travail hebdomadaire] entre '30' et '35' ou [Durée du temps de travail hebdomadaire] << '20' et [CSP] est 'Cadre' et année[Date de sortie] dans ('reference','null')
Effectifs;Autres conditions de travail;Durée et aménagement du temps de travail;Nombre de salariés employés en autres formes de temps partiel;Agent de Maitrise ;Nombre [matricule] par [structure] dont [Durée du temps de travail hebdomadaire] entre '30' et '35' ou [Durée du temps de travail hebdomadaire] << '20' et [CSP] est 'Agent de maitrise' et année[Date de sortie] dans ('reference','null')
Effectifs;Autres conditions de travail;Durée et aménagement du temps de travail;Nombre de salariés employés en autres formes de temps partiel;Employé;Nombre [matricule] par [structure] dont [Durée du temps de travail hebdomadaire] entre '30' et '35' ou [Durée du temps de travail hebdomadaire] << '20' et [CSP] est 'employé' et année[Date de sortie] dans ('reference','null')
Effectifs;Autres conditions de travail;Durée et aménagement du temps de travail;Nombre de salariés employés en autres formes de temps partiel;Ouvrier;Nombre [matricule] par [structure] dont [Durée du temps de travail hebdomadaire] entre '30' et '35' ou [Durée du temps de travail hebdomadaire] << '20' et [CSP] est 'Ouvrier' et année[Date de sortie] dans ('reference','null')
Effectifs;Autres conditions de travail;Durée et aménagement du temps de travail;Nombre de salariés employés en autres formes de temps partiel;Technicien;Nombre [matricule] par [structure] dont [Durée du temps de travail hebdomadaire] entre '30' et '35' ou [Durée du temps de travail hebdomadaire] << '20' et [CSP] est 'Technicien' et année[Date de sortie] dans ('reference','null')
Effectifs;Conditions générales d'emploi;Effectifs;Nombre d'hommes en CDI par CSP;Cadre;Nombre [matricule] par [structure] dont [CSP] est 'Cadre'et [Type de contrat] est 'CDI' et [Sexe] est 'homme' et année[Date de sortie] dans ('reference','null')
Effectifs;Conditions générales d'emploi;Effectifs;Nombre de femmes en CDI par CSP;Cadre;Nombre [matricule] par [structure] dont [CSP] est 'Cadre'et [Type de contrat] est 'CDI' et [Sexe] est 'femme' et année[Date de sortie] dans ('reference','null')
Effectifs;Conditions générales d'emploi;Effectifs;Nombre d'hommes en CDD par CSP;Cadre;Nombre [matricule] par [structure] dont [CSP] est 'Cadre'et [Type de contrat] est 'CDD' et [Sexe] est 'homme' et année[Date de sortie] dans ('reference','null')
Effectifs;Conditions générales d'emploi;Effectifs;Nombre de femmes en CDD par CSP;Cadre;Nombre [matricule] par [structure] dont [CSP] est 'Cadre'et [Type de contrat] est 'CDD' et [Sexe] est 'femme' et année[Date de sortie] dans ('reference','null')
Effectifs;Conditions générales d'emploi;Effectifs;Nombre d'hommes en CDI par CSP;Agent de Maitrise;Nombre [matricule] par [structure] dont [CSP] est 'Agent de maitrise'et [Type de contrat] est 'CDI' et [Sexe] est 'Homme' et année[Date de sortie] dans ('reference','null')
Effectifs;Conditions générales d'emploi;Effectifs;Nombre de femmes en CDI par CSP;Agent de Maitrise;Nombre [matricule] par [structure] dont [CSP] est 'Agent de maitrise'et [Type de contrat] est 'CDI' et [Sexe] est 'Femme' et année[Date de sortie] dans ('reference','null')
Effectifs;Conditions générales d'emploi;Effectifs;Nombre d'hommes en CDD par CSP;Agent de Maitrise;Nombre [matricule] par [structure] dont [CSP] est 'Agent de maitrise'et [Type de contrat] est 'CDD' et [Sexe] est 'Homme' et année[Date de sortie] dans ('reference','null')
Effectifs;Conditions générales d'emploi;Effectifs;Nombre de femmes en CDD par CSP;Agent de Maitrise;Nombre [matricule] par [structure] dont [CSP] est 'Agent de maitrise'et [Type de contrat] est 'CDD' et [Sexe] est 'Femme' et année[Date de sortie] dans ('reference','null')
Effectifs;Conditions générales d'emploi;Effectifs;Nombre d'hommes en CDI par CSP;Technicien;Nombre [matricule] par [structure] dont [CSP] est 'Technicien'et [Type de contrat] est 'CDI' et [Sexe] est 'homme' et année[Date de sortie] dans ('reference','null')
Effectifs;Conditions générales d'emploi;Effectifs;Nombre de femmes en CDI par CSP;Technicien;Nombre [matricule] par [structure] dont [CSP] est 'Technicien'et [Type de contrat] est 'CDI' et [Sexe] est 'Femme' et année[Date de sortie] dans ('reference','null')
Effectifs;Conditions générales d'emploi;Effectifs;Nombre d'hommes en CDD par CSP;Technicien;Nombre [matricule] par [structure] dont [CSP] est 'Technicien'et [Type de contrat] est 'CDD' et [Sexe] est 'Homme' et année[Date de sortie] dans ('reference','null')
Effectifs;Conditions générales d'emploi;Effectifs;Nombre de femmes en CDD par CSP;Technicien;Nombre [matricule] par [structure] dont [CSP] est 'Technicien'et [Type de contrat] est 'CDD' et [Sexe] est 'Femme' et année[Date de sortie] dans ('reference','null')
Effectifs;Conditions générales d'emploi;Effectifs;Nombre d'hommes en CDI par CSP;Ouvrier;Nombre [matricule] par [structure] dont [CSP] est 'Ouvrier'et [Type de contrat] est 'CDI' et [Sexe] est 'Homme' et année[Date de sortie] dans ('reference','null')
Effectifs;Conditions générales d'emploi;Effectifs;Nombre de femmes en CDI par CSP;Ouvrier;Nombre [matricule] par [structure] dont [CSP] est 'Ouvrier'et [Type de contrat] est 'CDI' et [Sexe] est 'Femme' et année[Date de sortie] dans ('reference','null')
Effectifs;Conditions générales d'emploi;Effectifs;Nombre d'hommes en CDD par CSP;Ouvrier;Nombre [matricule] par [structure] dont [CSP] est 'Ouvrier'et [Type de contrat] est 'CDD' et [Sexe] est 'Homme' et année[Date de sortie] dans ('reference','null')
Effectifs;Conditions générales d'emploi;Effectifs;Nombre de femmes en CDD par CSP;Ouvrier;Nombre [matricule] par [structure] dont [CSP] est 'Ouvrier'et [Type de contrat] est 'CDD' et [Sexe] est 'Femme' et année[Date de sortie] dans ('reference','null')
Effectifs;Conditions générales d'emploi;Effectifs;Nombre d'hommes en CDI par CSP;Employé;Nombre [matricule] par [structure] dont [CSP] est 'employé'et [Type de contrat] est 'CDI' et [Sexe] est 'Homme' et année[Date de sortie] dans ('reference','null')
Effectifs;Conditions générales d'emploi;Effectifs;Nombre de femmes en CDI par CSP;Employé;Nombre [matricule] par [structure] dont [CSP] est 'employé'et [Type de contrat] est 'CDI' et [Sexe] est 'Femme' et année[Date de sortie] dans ('reference','null')
Effectifs;Conditions générales d'emploi;Effectifs;Nombre d'hommes en CDD par CSP;Employé;Nombre [matricule] par [structure] dont [CSP] est 'employé'et [Type de contrat] est 'CDD' et [Sexe] est 'Homme' et année[Date de sortie] dans ('reference','null')
Effectifs;Conditions générales d'emploi;Effectifs;Nombre de femmes en CDD par CSP;Employé;Nombre [matricule] par [structure] dont [CSP] est 'employé'et [Type de contrat] est 'CDD' et [Sexe] est 'Femme' et année[Date de sortie] dans ('reference','null')
Effectifs;Conditions générales d'emploi;Durée et organisation du travail;Nombre de salariés en temps complet;Homme;Nombre [matricule] par [structure] dont [Durée du temps de travail hebdomadaire]>='35' et [Sexe] est 'homme' et année[Date de sortie] dans ('reference','null')
Effectifs;Conditions générales d'emploi;Durée et organisation du travail;Nombre de salariés en temps complet;Femme;Nombre [matricule] par [structure] dont [Durée du temps de travail hebdomadaire]>='35' et [Sexe] est 'femme' et année[Date de sortie] dans ('reference','null')
Effectifs;Conditions générales d'emploi;Durée et organisation du travail;Nombre de salariés en temps partiel (entre 20 et 30 heures);Homme;Nombre [matricule] par [structure] dont [Durée du temps de travail hebdomadaire] entre '20' et '30' et [Sexe] est 'homme' et année[Date de sortie] dans ('reference','null')
Effectifs;Conditions générales d'emploi;Durée et organisation du travail;Nombre de salariés en temps partiel (entre 20 et 30 heures);Femme;Nombre [matricule] par [structure] dont [Durée du temps de travail hebdomadaire] entre '20' et '30' et [Sexe] est 'femme' et année[Date de sortie] dans ('reference','null') 
Effectifs;Conditions générales d'emploi;Durée et organisation du travail;Nombre de salariés en temps partiel (autres formes de temps partiel);Femme;Nombre [matricule] par [structure] dont [Durée du temps de travail hebdomadaire] entre '30' et '35' ou [Durée du temps de travail hebdomadaire] << '20' et [Sexe] est 'femme' et année[Date de sortie] dans ('reference','null')
Effectifs;Conditions générales d'emploi;Durée et organisation du travail;Nombre de salariés en temps partiel (autres formes de temps partiel);Homme;Nombre [matricule] par [structure] dont [Durée du temps de travail hebdomadaire] entre '30' et '35' ou [Durée du temps de travail hebdomadaire] << '20' et [Sexe] est 'homme' et année[Date de sortie] dans ('reference','null')
Effectifs;Conditions générales d'emploi;Données sur les embauches et les départs;Nombre de départ de femmes de CSP Cadre;Retraite;Nombre [matricule] par [structure] dont année[date de sortie] est 'référence' et [CSP] est 'Cadre' et [Sexe] est 'femme' et [Nature de la fin de contrat] est 'retraite'
Effectifs;Conditions générales d'emploi;Données sur les embauches et les départs;Nombre de départ de femmes de CSP Cadre;Démission;Nombre [matricule] par [structure] dont année[date de sortie] est 'référence' et [CSP] est 'Cadre' et [Sexe] est 'femme' et [Nature de la fin de contrat] est 'démission'
Effectifs;Conditions générales d'emploi;Données sur les embauches et les départs;Nombre de départ de femmes de CSP Cadre;Fin de contrat de travail à durée déterminée;Nombre [matricule] par [structure] dont année[date de sortie] est 'référence' et [CSP] est 'Cadre' et [Sexe] est 'femme' et [Nature de la fin de contrat] est 'fin de CDD'
Effectifs;Conditions générales d'emploi;Données sur les embauches et les départs;Nombre de départ de femmes de CSP Cadre;Licenciement;Nombre [matricule] par [structure] dont année[date de sortie] est 'référence' et [CSP] est 'Cadre' et [Sexe] est 'femme' et [Nature de la fin de contrat] est 'Licenciement'
Effectifs;Conditions générales d'emploi;Données sur les embauches et les départs;Nombre de départ d'hommes de CSP Cadre;Retraite;Nombre [matricule] par [structure] dont année[date de sortie] est 'référence' et [CSP] est 'Cadre' et [Sexe] est 'homme' et [Nature de la fin de contrat] est 'retraite'
Effectifs;Conditions générales d'emploi;Données sur les embauches et les départs;Nombre de départ d'hommes de CSP Cadre;Démission;Nombre [matricule] par [structure] dont année[date de sortie] est 'référence' et [CSP] est 'Cadre' et [Sexe] est 'homme' et [Nature de la fin de contrat] est 'démission'
Effectifs;Conditions générales d'emploi;Données sur les embauches et les départs;Nombre de départ d'hommes de CSP Cadre;Fin de contrat de travail à durée déterminée;Nombre [matricule] par [structure] dont année[date de sortie] est 'référence' et [CSP] est 'Cadre' et [Sexe] est 'homme' et [Nature de la fin de contrat] est 'fin de CDD'
Effectifs;Conditions générales d'emploi;Données sur les embauches et les départs;Nombre de départ d'hommes de CSP Cadre;Licenciement;Nombre [matricule] par [structure] dont année[date de sortie] est 'référence' et [CSP] est 'Cadre' et [Sexe] est 'homme' et [Nature de la fin de contrat] est 'Licenciement'
Effectifs;Conditions générales d'emploi;Données sur les embauches et les départs;Nombre de départ de femmes de CSP Agent de Maîtrise;Retraite;Nombre [matricule] par [structure] dont année[date de sortie] est 'référence' et [CSP] est 'Agent de maitrise' et [Sexe] est 'femme' et [Nature de la fin de contrat] est 'retraite'
Effectifs;Conditions générales d'emploi;Données sur les embauches et les départs;Nombre de départ de femmes de CSP Agent de Maîtrise;Démission;Nombre [matricule] par [structure] dont année[date de sortie] est 'référence' et [CSP] est 'Agent de maitrise' et [Sexe] est 'femme' et [Nature de la fin de contrat] est 'démission'
Effectifs;Conditions générales d'emploi;Données sur les embauches et les départs;Nombre de départ de femmes de CSP Agent de Maîtrise;Fin de contrat de travail à durée déterminée;Nombre [matricule] par [structure] dont année[date de sortie] est 'référence' et [CSP] est 'Agent de maitrise' et [Sexe] est 'femme' et [Nature de la fin de contrat] est 'fin de CDD'
Effectifs;Conditions générales d'emploi;Données sur les embauches et les départs;Nombre de départ de femmes de CSP Agent de Maîtrise;Licenciement;Nombre [matricule] par [structure] dont année[date de sortie] est 'référence' et [CSP] est 'Agent de maitrise' et [Sexe] est 'femme' et [Nature de la fin de contrat] est 'Licenciement'
Effectifs;Conditions générales d'emploi;Données sur les embauches et les départs;Nombre de départ d'hommes de CSP Agent de Maîtrise;Retraite;Nombre [matricule] par [structure] dont année[date de sortie] est 'référence' et [CSP] est 'Agent de maitrise' et [Sexe] est 'homme' et [Nature de la fin de contrat] est 'retraite'
Effectifs;Conditions générales d'emploi;Données sur les embauches et les départs;Nombre de départ d'hommes de CSP Agent de Maîtrise;Démission;Nombre [matricule] par [structure] dont année[date de sortie] est 'référence' et [CSP] est 'Agent de maitrise' et [Sexe] est 'homme' et [Nature de la fin de contrat] est 'démission'
Effectifs;Conditions générales d'emploi;Données sur les embauches et les départs;Nombre de départ d'hommes de CSP Agent de Maîtrise;Fin de contrat de travail à durée déterminée;Nombre [matricule] par [structure] dont année[date de sortie] est 'référence' et [CSP] est 'Agent de maitrise' et [Sexe] est 'homme' et [Nature de la fin de contrat] est 'fin de CDD'
Effectifs;Conditions générales d'emploi;Données sur les embauches et les départs;Nombre de départ d'hommes de CSP Agent de Maîtrise;Licenciement;Nombre [matricule] par [structure] dont année[date de sortie] est 'référence' et [CSP] est 'Agent de maitrise' et [Sexe] est 'homme' et [Nature de la fin de contrat] est 'Licenciement'
Effectifs;Conditions générales d'emploi;Données sur les embauches et les départs;Nombre de départ de femmes de CSP Employé;Retraite;Nombre [matricule] par [structure] dont année[date de sortie] est 'référence' et [CSP] est 'employé' et [Sexe] est 'femme' et [Nature de la fin de contrat] est 'retraite'
Effectifs;Conditions générales d'emploi;Données sur les embauches et les départs;Nombre de départ de femmes de CSP Employé;Démission;Nombre [matricule] par [structure] dont année[date de sortie] est 'référence' et [CSP] est 'employé' et [Sexe] est 'femme' et [Nature de la fin de contrat] est 'démission'
Effectifs;Conditions générales d'emploi;Données sur les embauches et les départs;Nombre de départ de femmes de CSP Employé;Fin de contrat de travail à durée déterminée;Nombre [matricule] par [structure] dont année[date de sortie] est 'référence' et [CSP] est 'employé' et [Sexe] est 'femme' et [Nature de la fin de contrat] est 'fin de CDD'
Effectifs;Conditions générales d'emploi;Données sur les embauches et les départs;Nombre de départ de femmes de CSP Employé;Licenciement;Nombre [matricule] par [structure] dont année[date de sortie] est 'référence' et [CSP] est 'employé' et [Sexe] est 'femme' et [Nature de la fin de contrat] est 'Licenciement'
Effectifs;Conditions générales d'emploi;Données sur les embauches et les départs;Nombre de départ d'hommes de CSP Cadre;Retraite;Nombre [matricule] par [structure] dont année[date de sortie] est 'référence' et [CSP] est 'employé' et [Sexe] est 'homme' et [Nature de la fin de contrat] est 'retraite'
Effectifs;Conditions générales d'emploi;Données sur les embauches et les départs;Nombre de départ d'hommes de CSP Cadre;Démission;Nombre [matricule] par [structure] dont année[date de sortie] est 'référence' et [CSP] est 'employé' et [Sexe] est 'homme' et [Nature de la fin de contrat] est 'démission'
Effectifs;Conditions générales d'emploi;Données sur les embauches et les départs;Nombre de départ d'hommes de CSP Cadre;Fin de contrat de travail à durée déterminée;Nombre [matricule] par [structure] dont année[date de sortie] est 'référence' et [CSP] est 'employé' et [Sexe] est 'homme' et [Nature de la fin de contrat] est 'fin de CDD'
Effectifs;Conditions générales d'emploi;Données sur les embauches et les départs;Nombre de départ d'hommes de CSP Cadre;Licenciement;Nombre [matricule] par [structure] dont année[date de sortie] est 'référence' et [CSP] est 'employé' et [Sexe] est 'homme' et [Nature de la fin de contrat] est 'Licenciement'
Effectifs;Conditions générales d'emploi;Données sur les embauches et les départs;Nombre de départ de femmes de CSP Ouvrier;Retraite;Nombre [matricule] par [structure] dont année[date de sortie] est 'référence' et [CSP] est 'Ouvrier' et [Sexe] est 'femme' et [Nature de la fin de contrat] est 'retraite'
Effectifs;Conditions générales d'emploi;Données sur les embauches et les départs;Nombre de départ de femmes de CSP Ouvrier;Démission;Nombre [matricule] par [structure] dont année[date de sortie] est 'référence' et [CSP] est 'Ouvrier' et [Sexe] est 'femme' et [Nature de la fin de contrat] est 'démission'
Effectifs;Conditions générales d'emploi;Données sur les embauches et les départs;Nombre de départ de femmes de CSP Ouvrier;Fin de contrat de travail à durée déterminée;Nombre [matricule] par [structure] dont année[date de sortie] est 'référence' et [CSP] est 'Ouvrier' et [Sexe] est 'femme' et [Nature de la fin de contrat] est 'fin de CDD'
Effectifs;Conditions générales d'emploi;Données sur les embauches et les départs;Nombre de départ de femmes de CSP Ouvrier;Licenciement;Nombre [matricule] par [structure] dont année[date de sortie] est 'référence' et [CSP] est 'Ouvrier' et [Sexe] est 'femme' et [Nature de la fin de contrat] est 'Licenciement'
Effectifs;Conditions générales d'emploi;Données sur les embauches et les départs;Nombre de départ d'hommes de CSP Ouvrier;Retraite;Nombre [matricule] par [structure] dont année[date de sortie] est 'référence' et [CSP] est 'Ouvrier' et [Sexe] est 'homme' et [Nature de la fin de contrat] est 'retraite'
Effectifs;Conditions générales d'emploi;Données sur les embauches et les départs;Nombre de départ d'hommes de CSP Ouvrier;Démission;Nombre [matricule] par [structure] dont année[date de sortie] est 'référence' et [CSP] est 'Ouvrier' et [Sexe] est 'homme' et [Nature de la fin de contrat] est 'démission'
Effectifs;Conditions générales d'emploi;Données sur les embauches et les départs;Nombre de départ d'hommes de CSP Ouvrier;Fin de contrat de travail à durée déterminée;Nombre [matricule] par [structure] dont année[date de sortie] est 'référence' et [CSP] est 'Ouvrier' et [Sexe] est 'homme' et [Nature de la fin de contrat] est 'fin de CDD'
Effectifs;Conditions générales d'emploi;Données sur les embauches et les départs;Nombre de départ d'hommes de CSP Ouvrier;Licenciement;Nombre [matricule] par [structure] dont année[date de sortie] est 'référence' et [CSP] est 'Ouvrier' et [Sexe] est 'homme' et [Nature de la fin de contrat] est 'Licenciement'
Effectifs;Conditions générales d'emploi;Données sur les embauches et les départs;Nombre de départ de femmes de CSP Technicien;Retraite;Nombre [matricule] par [structure] dont année[date de sortie] est 'référence' et [CSP] est 'Technicien' et [Sexe] est 'femme' et [Nature de la fin de contrat] est 'retraite'
Effectifs;Conditions générales d'emploi;Données sur les embauches et les départs;Nombre de départ de femmes de CSP Technicien;Démission;Nombre [matricule] par [structure] dont année[date de sortie] est 'référence' et [CSP] est 'Technicien' et [Sexe] est 'femme' et [Nature de la fin de contrat] est 'démission'
Effectifs;Conditions générales d'emploi;Données sur les embauches et les départs;Nombre de départ de femmes de CSP Technicien;Fin de contrat de travail à durée déterminée;Nombre [matricule] par [structure] dont année[date de sortie] est 'référence' et [CSP] est 'Technicien' et [Sexe] est 'femme' et [Nature de la fin de contrat] est 'fin de CDD'
Effectifs;Conditions générales d'emploi;Données sur les embauches et les départs;Nombre de départ de femmes de CSP Technicien;Licenciement;Nombre [matricule] par [structure] dont année[date de sortie] est 'référence' et [CSP] est 'Technicien' et [Sexe] est 'femme' et [Nature de la fin de contrat] est 'Licenciement'
Effectifs;Conditions générales d'emploi;Données sur les embauches et les départs;Nombre de départ d'hommes de CSP Technicien;Retraite;Nombre [matricule] par [structure] dont année[date de sortie] est 'référence' et [CSP] est 'Technicien' et [Sexe] est 'homme' et [Nature de la fin de contrat] est 'retraite'
Effectifs;Conditions générales d'emploi;Données sur les embauches et les départs;Nombre de départ d'hommes de CSP Technicien;Démission;Nombre [matricule] par [structure] dont année[date de sortie] est 'référence' et [CSP] est 'Technicien' et [Sexe] est 'homme' et [Nature de la fin de contrat] est 'démission'
Effectifs;Conditions générales d'emploi;Données sur les embauches et les départs;Nombre de départ d'hommes de CSP Technicien;Fin de contrat de travail à durée déterminée;Nombre [matricule] par [structure] dont année[date de sortie] est 'référence' et [CSP] est 'Technicien' et [Sexe] est 'homme' et [Nature de la fin de contrat] est 'fin de CDD'
Effectifs;Conditions générales d'emploi;Données sur les embauches et les départs;Nombre de départ d'hommes de CSP Technicien;Licenciement;Nombre [matricule] par [structure] dont année[date de sortie] est 'référence' et [CSP] est 'Technicien' et [Sexe] est 'homme' et [Nature de la fin de contrat] est 'Licenciement'
Effectifs;Conditions générales d'emploi;Données sur les embauches et les départs;Nombre de femmes embauchées de CSP Cadre par type de contrat;CDD - Contrat à durée déterminée;Nombre [matricule] par [structure] dont année[Date d'entrée] est 'référence' et [CSP] est 'Cadre' et [Sexe] est 'femme' et [Type de contrat] est 'CDD'
Effectifs;Conditions générales d'emploi;Données sur les embauches et les départs;Nombre de femmes embauchées de CSP Cadre par type de contrat;CDI - Contrat à durée indéterminée;Nombre [matricule] par [structure] dont année[Date d'entrée] est 'référence' et [CSP] est 'Cadre' et [Sexe] est 'femme' et [Type de contrat] est 'CDI'
Effectifs;Conditions générales d'emploi;Données sur les embauches et les départs;Nombre de femmes embauchées de CSP Cadre par type de contrat;CIE - Contrat initiative emploi;Nombre [matricule] par [structure] dont année[Date d'entrée] est 'référence' et [CSP] est 'Cadre' et [Sexe] est 'femme' et [Type de contrat] est 'CIE'
Effectifs;Conditions générales d'emploi;Données sur les embauches et les départs;Nombre de femmes embauchées de CSP Cadre par type de contrat;Contrat d'apprentissage (alternance);Nombre [matricule] par [structure] dont année[Date d'entrée] est 'référence' et [CSP] est 'Cadre' et [Sexe] est 'femme' et [Type de contrat] est 'Apprentissage'
Effectifs;Conditions générales d'emploi;Données sur les embauches et les départs;Nombre de femmes embauchées de CSP Cadre par type de contrat;Contrat de professionnalisation (alternance);Nombre [matricule] par [structure] dont année[Date d'entrée] est 'référence' et [CSP] est 'Cadre' et [Sexe] est 'femme' et [Type de contrat] est 'Professionnalisation'
Effectifs;Conditions générales d'emploi;Données sur les embauches et les départs;Nombre de femmes embauchées de CSP Cadre par type de contrat;CTT - Contrat de travail temporaire ou Intérim;Nombre [matricule] par [structure] dont année[Date d'entrée] est 'référence' et [CSP] est 'Cadre' et [Sexe] est 'femme' et [Type de contrat] est 'CTT'
Effectifs;Conditions générales d'emploi;Données sur les embauches et les départs;Nombre de femmes embauchées de CSP Cadre par type de contrat;CUI - Contrat unique d'insertion;Nombre [matricule] par [structure] dont année[Date d'entrée] est 'référence' et [CSP] est 'Cadre' et [Sexe] est 'femme' et [Type de contrat] est 'CUI'
Effectifs;Conditions générales d'emploi;Données sur les embauches et les départs;Nombre de femmes embauchées de CSP Cadre par type de contrat;CAE - Contrat d'accompagnement dans l'emploi;Nombre [matricule] par [structure] dont année[Date d'entrée] est 'référence' et [CSP] est 'Cadre' et [Sexe] est 'femme' et [Type de contrat] est 'CAE'
Effectifs;Conditions générales d'emploi;Données sur les embauches et les départs;Nombre d'hommes embauchés de CSP Cadre par type de contrat;CDD - Contrat à durée déterminée;Nombre [matricule] par [structure] dont année[Date d'entrée] est 'référence' et [CSP] est 'Cadre' et [Sexe] est 'homme' et [Type de contrat] est 'CDD'
Effectifs;Conditions générales d'emploi;Données sur les embauches et les départs;Nombre d'hommes embauchés de CSP Cadre par type de contrat;CDI - Contrat à durée indéterminée;Nombre [matricule] par [structure] dont année[Date d'entrée] est 'référence' et [CSP] est 'Cadre' et [Sexe] est 'homme' et [Type de contrat] est 'CDI'
Effectifs;Conditions générales d'emploi;Données sur les embauches et les départs;Nombre d'hommes embauchés de CSP Cadre par type de contrat;CIE - Contrat initiative emploi;Nombre [matricule] par [structure] dont année[Date d'entrée] est 'référence' et [CSP] est 'Cadre' et [Sexe] est 'homme' et [Type de contrat] est 'CIE'
Effectifs;Conditions générales d'emploi;Données sur les embauches et les départs;Nombre d'hommes embauchés de CSP Cadre par type de contrat;Contrat d'apprentissage (alternance);Nombre [matricule] par [structure] dont année[Date d'entrée] est 'référence' et [CSP] est 'Cadre' et [Sexe] est 'homme' et [Type de contrat] est 'Apprentissage'
Effectifs;Conditions générales d'emploi;Données sur les embauches et les départs;Nombre d'hommes embauchés de CSP Cadre par type de contrat;Contrat de professionnalisation (alternance);Nombre [matricule] par [structure] dont année[Date d'entrée] est 'référence' et [CSP] est 'Cadre' et [Sexe] est 'homme' et [Type de contrat] est 'Professionnalisation'
Effectifs;Conditions générales d'emploi;Données sur les embauches et les départs;Nombre d'hommes embauchés de CSP Cadre par type de contrat;CTT - Contrat de travail temporaire ou Intérim;Nombre [matricule] par [structure] dont année[Date d'entrée] est 'référence' et [CSP] est 'Cadre' et [Sexe] est 'homme' et [Type de contrat] est 'CTT'
Effectifs;Conditions générales d'emploi;Données sur les embauches et les départs;Nombre d'hommes embauchés de CSP Cadre par type de contrat;CUI - Contrat unique d'insertion;Nombre [matricule] par [structure] dont année[Date d'entrée] est 'référence' et [CSP] est 'Cadre' et [Sexe] est 'homme' et [Type de contrat] est 'CUI'
Effectifs;Conditions générales d'emploi;Données sur les embauches et les départs;Nombre d'hommes embauchés de CSP Cadre par type de contrat;CAE - Contrat d'accompagnement dans l'emploi;Nombre [matricule] par [structure] dont année[Date d'entrée] est 'référence' et [CSP] est 'Cadre' et [Sexe] est 'homme' et [Type de contrat] est 'CAE'
Effectifs;Conditions générales d'emploi;Données sur les embauches et les départs;Nombre de femmes embauchées de CSP Agent de Maîtrise par type de contrat;CDD - Contrat à durée déterminée;Nombre [matricule] par [structure] dont année[Date d'entrée] est 'référence' et [CSP] est 'Cadre' et [Sexe] est 'femme' et [Type de contrat] est 'CDD'
Effectifs;Conditions générales d'emploi;Données sur les embauches et les départs;Nombre de femmes embauchées de CSP Agent de Maîtrise par type de contrat;CDI - Contrat à durée indéterminée;Nombre [matricule] par [structure] dont année[Date d'entrée] est 'référence' et [CSP] est 'Agent de maitrise' et [Sexe] est 'femme' et [Type de contrat] est 'CDI'
Effectifs;Conditions générales d'emploi;Données sur les embauches et les départs;Nombre de femmes embauchées de CSP Agent de Maîtrise par type de contrat;CIE - Contrat initiative emploi;Nombre [matricule] par [structure] dont année[Date d'entrée] est 'référence' et [CSP] est 'Agent de maitrise' et [Sexe] est 'femme' et [Type de contrat] est 'CIE'
Effectifs;Conditions générales d'emploi;Données sur les embauches et les départs;Nombre de femmes embauchées de CSP Agent de Maîtrise par type de contrat;Contrat d'apprentissage (alternance);Nombre [matricule] par [structure] dont année[Date d'entrée] est 'référence' et [CSP] est 'Agent de maitrise' et [Sexe] est 'femme' et [Type de contrat] est 'Apprentissage'
Effectifs;Conditions générales d'emploi;Données sur les embauches et les départs;Nombre de femmes embauchées de CSP Agent de Maîtrise par type de contrat;Contrat de professionnalisation (alternance);Nombre [matricule] par [structure] dont année[Date d'entrée] est 'référence' et [CSP] est 'Agent de maitrise' et [Sexe] est 'femme' et [Type de contrat] est 'Professionnalisation'
Effectifs;Conditions générales d'emploi;Données sur les embauches et les départs;Nombre de femmes embauchées de CSP Agent de Maîtrise par type de contrat;CTT - Contrat de travail temporaire ou Intérim;Nombre [matricule] par [structure] dont année[Date d'entrée] est 'référence' et [CSP] est 'Agent de maitrise' et [Sexe] est 'femme' et [Type de contrat] est 'CTT'
Effectifs;Conditions générales d'emploi;Données sur les embauches et les départs;Nombre de femmes embauchées de CSP Agent de Maîtrise par type de contrat;CUI - Contrat unique d'insertion;Nombre [matricule] par [structure] dont année[Date d'entrée] est 'référence' et [CSP] est 'Agent de maitrise' et [Sexe] est 'femme' et [Type de contrat] est 'CUI'
Effectifs;Conditions générales d'emploi;Données sur les embauches et les départs;Nombre de femmes embauchées de CSP Agent de Maîtrise par type de contrat;CAE - Contrat d'accompagnement dans l'emploi;Nombre [matricule] par [structure] dont année[Date d'entrée] est 'référence' et [CSP] est 'Agent de maitrise' et [Sexe] est 'femme' et [Type de contrat] est 'CAE'
Effectifs;Conditions générales d'emploi;Données sur les embauches et les départs;Nombre d'hommes embauchés de CSP Agent de Maîtrise par type de contrat;CDD - Contrat à durée déterminée;Nombre [matricule] par [structure] dont année[Date d'entrée] est 'référence' et [CSP] est 'Agent de maitrise' et [Sexe] est 'homme' et [Type de contrat] est 'CDD'
Effectifs;Conditions générales d'emploi;Données sur les embauches et les départs;Nombre d'hommes embauchés de CSP Agent de Maîtrise par type de contrat;CDI - Contrat à durée indéterminée;Nombre [matricule] par [structure] dont année[Date d'entrée] est 'référence' et [CSP] est 'Agent de maitrise' et [Sexe] est 'homme' et [Type de contrat] est 'CDI'
Effectifs;Conditions générales d'emploi;Données sur les embauches et les départs;Nombre d'hommes embauchés de CSP Agent de Maîtrise par type de contrat;CIE - Contrat initiative emploi;Nombre [matricule] par [structure] dont année[Date d'entrée] est 'référence' et [CSP] est 'Agent de maitrise' et [Sexe] est 'homme' et [Type de contrat] est 'CIE'
Effectifs;Conditions générales d'emploi;Données sur les embauches et les départs;Nombre d'hommes embauchés de CSP Agent de Maîtrise par type de contrat;Contrat d'apprentissage (alternance);Nombre [matricule] par [structure] dont année[Date d'entrée] est 'référence' et [CSP] est 'Agent de maitrise' et [Sexe] est 'homme' et [Type de contrat] est 'Apprentissage'
Effectifs;Conditions générales d'emploi;Données sur les embauches et les départs;Nombre d'hommes embauchés de CSP Agent de Maîtrise par type de contrat;Contrat de professionnalisation (alternance);Nombre [matricule] par [structure] dont année[Date d'entrée] est 'référence' et [CSP] est 'Agent de maitrise' et [Sexe] est 'homme' et [Type de contrat] est 'Professionnalisation'
Effectifs;Conditions générales d'emploi;Données sur les embauches et les départs;Nombre d'hommes embauchés de CSP Agent de Maîtrise par type de contrat;CTT - Contrat de travail temporaire ou Intérim;Nombre [matricule] par [structure] dont année[Date d'entrée] est 'référence' et [CSP] est 'Agent de maitrise' et [Sexe] est 'homme' et [Type de contrat] est 'CTT'
Effectifs;Conditions générales d'emploi;Données sur les embauches et les départs;Nombre d'hommes embauchés de CSP Agent de Maîtrise par type de contrat;CUI - Contrat unique d'insertion;Nombre [matricule] par [structure] dont année[Date d'entrée] est 'référence' et [CSP] est 'Agent de maitrise' et [Sexe] est 'homme' et [Type de contrat] est 'CUI'
Effectifs;Conditions générales d'emploi;Données sur les embauches et les départs;Nombre d'hommes embauchés de CSP Agent de Maîtrise par type de contrat;CAE - Contrat d'accompagnement dans l'emploi;Nombre [matricule] par [structure] dont année[Date d'entrée] est 'référence' et [CSP] est 'Agent de maitrise' et [Sexe] est 'homme' et [Type de contrat] est 'CAE'
Effectifs;Conditions générales d'emploi;Données sur les embauches et les départs;Nombre de femmes embauchées de CSP Employé par type de contrat;CDD - Contrat à durée déterminée;Nombre [matricule] par [structure] dont année[Date d'entrée] est 'référence' et [CSP] est 'employé' et [Sexe] est 'femme' et [Type de contrat] est 'CDD'
Effectifs;Conditions générales d'emploi;Données sur les embauches et les départs;Nombre de femmes embauchées de CSP Employé par type de contrat;CDI - Contrat à durée indéterminée;Nombre [matricule] par [structure] dont année[Date d'entrée] est 'référence' et [CSP] est 'employé' et [Sexe] est 'femme' et [Type de contrat] est 'CDI'
Effectifs;Conditions générales d'emploi;Données sur les embauches et les départs;Nombre de femmes embauchées de CSP Employé par type de contrat;CIE - Contrat initiative emploi;Nombre [matricule] par [structure] dont année[Date d'entrée] est 'référence' et [CSP] est 'employé' et [Sexe] est 'femme' et [Type de contrat] est 'CIE'
Effectifs;Conditions générales d'emploi;Données sur les embauches et les départs;Nombre de femmes embauchées de CSP Employé par type de contrat;Contrat d'apprentissage (alternance);Nombre [matricule] par [structure] dont année[Date d'entrée] est 'référence' et [CSP] est 'employé' et [Sexe] est 'femme' et [Type de contrat] est 'Apprentissage'
Effectifs;Conditions générales d'emploi;Données sur les embauches et les départs;Nombre de femmes embauchées de CSP Employé par type de contrat;Contrat de professionnalisation (alternance);Nombre [matricule] par [structure] dont année[Date d'entrée] est 'référence' et [CSP] est 'employé' et [Sexe] est 'femme' et [Type de contrat] est 'Professionnalisation'
Effectifs;Conditions générales d'emploi;Données sur les embauches et les départs;Nombre de femmes embauchées de CSP Employé par type de contrat;CTT - Contrat de travail temporaire ou Intérim;Nombre [matricule] par [structure] dont année[Date d'entrée] est 'référence' et [CSP] est 'employé' et [Sexe] est 'femme' et [Type de contrat] est 'CTT'
Effectifs;Conditions générales d'emploi;Données sur les embauches et les départs;Nombre de femmes embauchées de CSP Employé par type de contrat;CUI - Contrat unique d'insertion;Nombre [matricule] par [structure] dont année[Date d'entrée] est 'référence' et [CSP] est 'employé' et [Sexe] est 'femme' et [Type de contrat] est 'CUI'
Effectifs;Conditions générales d'emploi;Données sur les embauches et les départs;Nombre de femmes embauchées de CSP Employé par type de contrat;CAE - Contrat d'accompagnement dans l'emploi;Nombre [matricule] par [structure] dont année[Date d'entrée] est 'référence' et [CSP] est 'employé' et [Sexe] est 'femme' et [Type de contrat] est 'CAE'
Effectifs;Conditions générales d'emploi;Données sur les embauches et les départs;Nombre d'hommes embauchés de CSP Employé par type de contrat;CDD - Contrat à durée déterminée;Nombre [matricule] par [structure] dont année[Date d'entrée] est 'référence' et [CSP] est 'employé' et [Sexe] est 'homme' et [Type de contrat] est 'CDD'
Effectifs;Conditions générales d'emploi;Données sur les embauches et les départs;Nombre d'hommes embauchés de CSP Employé par type de contrat;CDI - Contrat à durée indéterminée;Nombre [matricule] par [structure] dont année[Date d'entrée] est 'référence' et [CSP] est 'employé' et [Sexe] est 'homme' et [Type de contrat] est 'CDI'
Effectifs;Conditions générales d'emploi;Données sur les embauches et les départs;Nombre d'hommes embauchés de CSP Employé par type de contrat;CIE - Contrat initiative emploi;Nombre [matricule] par [structure] dont année[Date d'entrée] est 'référence' et [CSP] est 'employé' et [Sexe] est 'homme' et [Type de contrat] est 'CIE'
Effectifs;Conditions générales d'emploi;Données sur les embauches et les départs;Nombre d'hommes embauchés de CSP Employé par type de contrat;Contrat d'apprentissage (alternance);Nombre [matricule] par [structure] dont année[Date d'entrée] est 'référence' et [CSP] est 'employé' et [Sexe] est 'homme' et [Type de contrat] est 'Apprentissage'
Effectifs;Conditions générales d'emploi;Données sur les embauches et les départs;Nombre d'hommes embauchés de CSP Employé par type de contrat;Contrat de professionnalisation (alternance);Nombre [matricule] par [structure] dont année[Date d'entrée] est 'référence' et [CSP] est 'employé' et [Sexe] est 'homme' et [Type de contrat] est 'Professionnalisation'
Effectifs;Conditions générales d'emploi;Données sur les embauches et les départs;Nombre d'hommes embauchés de CSP Employé par type de contrat;CTT - Contrat de travail temporaire ou Intérim;Nombre [matricule] par [structure] dont année[Date d'entrée] est 'référence' et [CSP] est 'employé' et [Sexe] est 'homme' et [Type de contrat] est 'CTT'
Effectifs;Conditions générales d'emploi;Données sur les embauches et les départs;Nombre d'hommes embauchés de CSP Employé par type de contrat;CUI - Contrat unique d'insertion;Nombre [matricule] par [structure] dont année[Date d'entrée] est 'référence' et [CSP] est 'employé' et [Sexe] est 'homme' et [Type de contrat] est 'CUI'
Effectifs;Conditions générales d'emploi;Données sur les embauches et les départs;Nombre d'hommes embauchés de CSP Employé par type de contrat;CAE - Contrat d'accompagnement dans l'emploi;Nombre [matricule] par [structure] dont année[Date d'entrée] est 'référence' et [CSP] est 'employé' et [Sexe] est 'homme' et [Type de contrat] est 'CAE'
Effectifs;Conditions générales d'emploi;Données sur les embauches et les départs;Nombre de femmes embauchées de CSP Ouvrier par type de contrat;CDD - Contrat à durée déterminée;Nombre [matricule] par [structure] dont année[Date d'entrée] est 'référence' et [CSP] est 'Ouvrier' et [Sexe] est 'femme' et [Type de contrat] est 'CDD'
Effectifs;Conditions générales d'emploi;Données sur les embauches et les départs;Nombre de femmes embauchées de CSP Ouvrier par type de contrat;CDI - Contrat à durée indéterminée;Nombre [matricule] par [structure] dont année[Date d'entrée] est 'référence' et [CSP] est 'Ouvrier' et [Sexe] est 'femme' et [Type de contrat] est 'CDI'
Effectifs;Conditions générales d'emploi;Données sur les embauches et les départs;Nombre de femmes embauchées de CSP Ouvrier par type de contrat;CIE - Contrat initiative emploi;Nombre [matricule] par [structure] dont année[Date d'entrée] est 'référence' et [CSP] est 'Ouvrier' et [Sexe] est 'femme' et [Type de contrat] est 'CIE'
Effectifs;Conditions générales d'emploi;Données sur les embauches et les départs;Nombre de femmes embauchées de CSP Ouvrier par type de contrat;Contrat d'apprentissage (alternance);Nombre [matricule] par [structure] dont année[Date d'entrée] est 'référence' et [CSP] est 'Ouvrier' et [Sexe] est 'femme' et [Type de contrat] est 'Apprentissage'
Effectifs;Conditions générales d'emploi;Données sur les embauches et les départs;Nombre de femmes embauchées de CSP Ouvrier par type de contrat;Contrat de professionnalisation (alternance);Nombre [matricule] par [structure] dont année[Date d'entrée] est 'référence' et [CSP] est 'Ouvrier' et [Sexe] est 'femme' et [Type de contrat] est 'Professionnalisation'
Effectifs;Conditions générales d'emploi;Données sur les embauches et les départs;Nombre de femmes embauchées de CSP Ouvrier par type de contrat;CTT - Contrat de travail temporaire ou Intérim;Nombre [matricule] par [structure] dont année[Date d'entrée] est 'référence' et [CSP] est 'Ouvrier' et [Sexe] est 'femme' et [Type de contrat] est 'CTT'
Effectifs;Conditions générales d'emploi;Données sur les embauches et les départs;Nombre de femmes embauchées de CSP Ouvrier par type de contrat;CUI - Contrat unique d'insertion;Nombre [matricule] par [structure] dont année[Date d'entrée] est 'référence' et [CSP] est 'Ouvrier' et [Sexe] est 'femme' et [Type de contrat] est 'CUI'
Effectifs;Conditions générales d'emploi;Données sur les embauches et les départs;Nombre de femmes embauchées de CSP Ouvrier par type de contrat;CAE - Contrat d'accompagnement dans l'emploi;Nombre [matricule] par [structure] dont année[Date d'entrée] est 'référence' et [CSP] est 'Ouvrier' et [Sexe] est 'femme' et [Type de contrat] est 'CAE'
Effectifs;Conditions générales d'emploi;Données sur les embauches et les départs;Nombre d'hommes embauchés de CSP Ouvrier par type de contrat;CDD - Contrat à durée déterminée;Nombre [matricule] par [structure] dont année[Date d'entrée] est 'référence' et [CSP] est 'Ouvrier' et [Sexe] est 'homme' et [Type de contrat] est 'CDD'
Effectifs;Conditions générales d'emploi;Données sur les embauches et les départs;Nombre d'hommes embauchés de CSP Ouvrier par type de contrat;CDI - Contrat à durée indéterminée;Nombre [matricule] par [structure] dont année[Date d'entrée] est 'référence' et [CSP] est 'Ouvrier' et [Sexe] est 'homme' et [Type de contrat] est 'CDI'
Effectifs;Conditions générales d'emploi;Données sur les embauches et les départs;Nombre d'hommes embauchés de CSP Ouvrier par type de contrat;CIE - Contrat initiative emploi;Nombre [matricule] par [structure] dont année[Date d'entrée] est 'référence' et [CSP] est 'Ouvrier' et [Sexe] est 'homme' et [Type de contrat] est 'CIE'
Effectifs;Conditions générales d'emploi;Données sur les embauches et les départs;Nombre d'hommes embauchés de CSP Ouvrier par type de contrat;Contrat d'apprentissage (alternance);Nombre [matricule] par [structure] dont année[Date d'entrée] est 'référence' et [CSP] est 'Ouvrier' et [Sexe] est 'homme' et [Type de contrat] est 'Apprentissage'
Effectifs;Conditions générales d'emploi;Données sur les embauches et les départs;Nombre d'hommes embauchés de CSP Ouvrier par type de contrat;Contrat de professionnalisation (alternance);Nombre [matricule] par [structure] dont année[Date d'entrée] est 'référence' et [CSP] est 'Ouvrier' et [Sexe] est 'homme' et [Type de contrat] est 'Professionnalisation'
Effectifs;Conditions générales d'emploi;Données sur les embauches et les départs;Nombre d'hommes embauchés de CSP Ouvrier par type de contrat;CTT - Contrat de travail temporaire ou Intérim;Nombre [matricule] par [structure] dont année[Date d'entrée] est 'référence' et [CSP] est 'Ouvrier' et [Sexe] est 'homme' et [Type de contrat] est 'CTT'
Effectifs;Conditions générales d'emploi;Données sur les embauches et les départs;Nombre d'hommes embauchés de CSP Ouvrier par type de contrat;CUI - Contrat unique d'insertion;Nombre [matricule] par [structure] dont année[Date d'entrée] est 'référence' et [CSP] est 'Ouvrier' et [Sexe] est 'homme' et [Type de contrat] est 'CUI'
Effectifs;Conditions générales d'emploi;Données sur les embauches et les départs;Nombre d'hommes embauchés de CSP Ouvrier par type de contrat;CAE - Contrat d'accompagnement dans l'emploi;Nombre [matricule] par [structure] dont année[Date d'entrée] est 'référence' et [CSP] est 'Ouvrier' et [Sexe] est 'homme' et [Type de contrat] est 'CAE'
Effectifs;Conditions générales d'emploi;Données sur les embauches et les départs;Nombre de femmes embauchées de CSP Technicien par type de contrat;CDD - Contrat à durée déterminée;Nombre [matricule] par [structure] dont année[Date d'entrée] est 'référence' et [CSP] est 'Technicien' et [Sexe] est 'femme' et [Type de contrat] est 'CDD'
Effectifs;Conditions générales d'emploi;Données sur les embauches et les départs;Nombre de femmes embauchées de CSP Technicien par type de contrat;CDI - Contrat à durée indéterminée;Nombre [matricule] par [structure] dont année[Date d'entrée] est 'référence' et [CSP] est 'Technicien' et [Sexe] est 'femme' et [Type de contrat] est 'CDI'
Effectifs;Conditions générales d'emploi;Données sur les embauches et les départs;Nombre de femmes embauchées de CSP Technicien par type de contrat;CIE - Contrat initiative emploi;Nombre [matricule] par [structure] dont année[Date d'entrée] est 'référence' et [CSP] est 'Technicien' et [Sexe] est 'femme' et [Type de contrat] est 'CIE'
Effectifs;Conditions générales d'emploi;Données sur les embauches et les départs;Nombre de femmes embauchées de CSP Technicien par type de contrat;Contrat d'apprentissage (alternance);Nombre [matricule] par [structure] dont année[Date d'entrée] est 'référence' et [CSP] est 'Technicien' et [Sexe] est 'femme' et [Type de contrat] est 'Apprentissage'
Effectifs;Conditions générales d'emploi;Données sur les embauches et les départs;Nombre de femmes embauchées de CSP Technicien par type de contrat;Contrat de professionnalisation (alternance);Nombre [matricule] par [structure] dont année[Date d'entrée] est 'référence' et [CSP] est 'Technicien' et [Sexe] est 'femme' et [Type de contrat] est 'Professionnalisation'
Effectifs;Conditions générales d'emploi;Données sur les embauches et les départs;Nombre de femmes embauchées de CSP Technicien par type de contrat;CTT - Contrat de travail temporaire ou Intérim;Nombre [matricule] par [structure] dont année[Date d'entrée] est 'référence' et [CSP] est 'Technicien' et [Sexe] est 'femme' et [Type de contrat] est 'CTT'
Effectifs;Conditions générales d'emploi;Données sur les embauches et les départs;Nombre de femmes embauchées de CSP Technicien par type de contrat;CUI - Contrat unique d'insertion;Nombre [matricule] par [structure] dont année[Date d'entrée] est 'référence' et [CSP] est 'Technicien' et [Sexe] est 'femme' et [Type de contrat] est 'CUI'
Effectifs;Conditions générales d'emploi;Données sur les embauches et les départs;Nombre de femmes embauchées de CSP Technicien par type de contrat;CAE - Contrat d'accompagnement dans l'emploi;Nombre [matricule] par [structure] dont année[Date d'entrée] est 'référence' et [CSP] est 'Technicien' et [Sexe] est 'femme' et [Type de contrat] est 'CAE'
Effectifs;Conditions générales d'emploi;Données sur les embauches et les départs;Nombre d'hommes embauchés de CSP Technicien par type de contrat;CDD - Contrat à durée déterminée;Nombre [matricule] par [structure] dont année[Date d'entrée] est 'référence' et [CSP] est 'Technicien' et [Sexe] est 'homme' et [Type de contrat] est 'CDD'
Effectifs;Conditions générales d'emploi;Données sur les embauches et les départs;Nombre d'hommes embauchés de CSP Technicien par type de contrat;CDI - Contrat à durée indéterminée;Nombre [matricule] par [structure] dont année[Date d'entrée] est 'référence' et [CSP] est 'Technicien' et [Sexe] est 'homme' et [Type de contrat] est 'CDI'
Effectifs;Conditions générales d'emploi;Données sur les embauches et les départs;Nombre d'hommes embauchés de CSP Technicien par type de contrat;CIE - Contrat initiative emploi;Nombre [matricule] par [structure] dont année[Date d'entrée] est 'référence' et [CSP] est 'Technicien' et [Sexe] est 'homme' et [Type de contrat] est 'CIE'
Effectifs;Conditions générales d'emploi;Données sur les embauches et les départs;Nombre d'hommes embauchés de CSP Technicien par type de contrat;Contrat d'apprentissage (alternance);Nombre [matricule] par [structure] dont année[Date d'entrée] est 'référence' et [CSP] est 'Technicien' et [Sexe] est 'homme' et [Type de contrat] est 'Apprentissage'
Effectifs;Conditions générales d'emploi;Données sur les embauches et les départs;Nombre d'hommes embauchés de CSP Technicien par type de contrat;Contrat de professionnalisation (alternance);Nombre [matricule] par [structure] dont année[Date d'entrée] est 'référence' et [CSP] est 'Technicien' et [Sexe] est 'homme' et [Type de contrat] est 'Professionnalisation'
Effectifs;Conditions générales d'emploi;Données sur les embauches et les départs;Nombre d'hommes embauchés de CSP Technicien par type de contrat;CTT - Contrat de travail temporaire ou Intérim;Nombre [matricule] par [structure] dont année[Date d'entrée] est 'référence' et [CSP] est 'Technicien' et [Sexe] est 'homme' et [Type de contrat] est 'CTT'
Effectifs;Conditions générales d'emploi;Données sur les embauches et les départs;Nombre d'hommes embauchés de CSP Technicien par type de contrat;CUI - Contrat unique d'insertion;Nombre [matricule] par [structure] dont année[Date d'entrée] est 'référence' et [CSP] est 'Technicien' et [Sexe] est 'homme' et [Type de contrat] est 'CUI'
Effectifs;Conditions générales d'emploi;Données sur les embauches et les départs;Nombre d'hommes embauchés de CSP Technicien par type de contrat;CAE - Contrat d'accompagnement dans l'emploi;Nombre [matricule] par [structure] dont année[Date d'entrée] est 'référence' et [CSP] est 'Technicien' et [Sexe] est 'homme' et [Type de contrat] est 'CAE'
Effectifs;Rémunérations et déroulement de carrière;Ancienneté;Ancienneté moyenne des hommes par CSP;Cadre;Moyenne (calculé l'age entre date d'entrée (année) et année de référence + 1 ) par structure dont le sexe est 'homme' et [CSP] Cadre  et année[Date de sortie] dans ('reference','null')
Effectifs;Rémunérations et déroulement de carrière;Ancienneté;Ancienneté moyenne des femmes par CSP;Cadre;Moyenne (calculé l'age entre date d'entrée (année) et année de référence + 1 ) par structure dont le sexe est 'femme' et [CSP] Cadre et année[Date de sortie] dans ('reference','null')
Effectifs;Rémunérations et déroulement de carrière;Ancienneté;Ancienneté moyenne des hommes par CSP;Agent de Maitrise;Moyenne (calculé l'age entre date d'entrée (année) et année de référence + 1 ) par structure dont le sexe est 'homme' et [CSP] Agent de  et année[Date de sortie] dans ('reference','null')
Effectifs;Rémunérations et déroulement de carrière;Ancienneté;Ancienneté moyenne des femmes par CSP;Agent de Maitrise;Moyenne (calculé l'age entre date d'entrée (année) et année de référence + 1 ) par structure dont le sexe est 'femme' et [CSP] Agent de maitrise et année[Date de sortie] dans ('reference','null')
Effectifs;Rémunérations et déroulement de carrière;Ancienneté;Ancienneté moyenne des hommes par CSP;Technicien;Moyenne (calculé l'age entre date d'entrée (année) et année de référence + 1 ) par structure dont le sexe est 'homme' et [CSP] Technicien et année[Date de sortie] dans ('reference','null')
Effectifs;Rémunérations et déroulement de carrière;Ancienneté;Ancienneté moyenne des femmes par CSP;Technicien;Moyenne (calculé l'age entre date d'entrée (année) et année de référence + 1 ) par structure dont le sexe est 'femme' et [CSP] Technicien et année[Date de sortie] dans ('reference','null')
Effectifs;Rémunérations et déroulement de carrière;Ancienneté;Ancienneté moyenne des hommes par CSP;Ouvrier;Moyenne (calculé l'age entre date d'entrée (année) et année de référence + 1 ) par structure dont le sexe est 'homme' et [CSP] Ouvrier et année[Date de sortie] dans ('reference','null')
Effectifs;Rémunérations et déroulement de carrière;Ancienneté;Ancienneté moyenne des femmes par CSP;Ouvrier;Moyenne (calculé l'age entre date d'entrée (année) et année de référence + 1 ) par structure dont le sexe est 'femme' et [CSP] Ouvrier et année[Date de sortie] dans ('reference','null')
Effectifs;Rémunérations et déroulement de carrière;Ancienneté;Ancienneté moyenne des hommes par CSP;Employé;Moyenne (calculé l'age entre date d'entrée (année) et année de référence + 1 ) par structure dont le sexe est 'homme' et [CSP] Employé et année[Date de sortie] dans ('reference','null')
Effectifs;Rémunérations et déroulement de carrière;Ancienneté;Ancienneté moyenne des femmes par CSP;Employé;Moyenne (calculé l'age entre date d'entrée (année) et année de référence + 1 ) par structure dont le sexe est 'femme' et [CSP] Employé et année[Date de sortie] dans ('reference','null')
Effectifs;Rémunérations et déroulement de carrière;Age;Age moyen des hommes par CSP;Cadre;Moyenne (calculé l'age entre date de naissance (année) et année de référence + 1 ) par structure dont le sexe est 'homme' et [CSP] Cadre et année[Date de sortie] dans ('reference','null')
Effectifs;Rémunérations et déroulement de carrière;Age;Age moyen des femmes par CSP;Cadre;Moyenne (calculé l'age entre date de naissance (année) et année de référence + 1 ) par structure dont le sexe est 'femme' et [CSP] Cadre et année[Date de sortie] dans ('reference','null')
Effectifs;Rémunérations et déroulement de carrière;Age;Age moyen des hommes par CSP;Agent de Maitrise;Moyenne (calculé l'age entre date de naissance (année) et année de référence + 1 ) par structure dont le sexe est 'homme' et [CSP] Agent de maitrise et année[Date de sortie] dans ('reference','null')
Effectifs;Rémunérations et déroulement de carrière;Age;Age moyen des femmes par CSP;Agent de Maitrise;Moyenne (calculé l'age entre date de naissance (année) et année de référence + 1 ) par structure dont le sexe est 'femme' et [CSP] Agent de maitrise et année[Date de sortie] dans ('reference','null')
Effectifs;Rémunérations et déroulement de carrière;Age;Age moyen des hommes par CSP;Technicien;Moyenne (calculé l'age entre date de naissance (année) et année de référence + 1 ) par structure dont le sexe est 'homme' et [CSP] Technicien et année[Date de sortie] dans ('reference','null')
Effectifs;Rémunérations et déroulement de carrière;Age;Age moyen des femmes par CSP;Technicien;Moyenne (calculé l'age entre date de naissance (année) et année de référence + 1 ) par structure dont le sexe est 'femme' et [CSP] Technicien et année[Date de sortie] dans ('reference','null')
Effectifs;Rémunérations et déroulement de carrière;Age;Age moyen des hommes par CSP;Ouvrier;Moyenne (calculé l'age entre date de naissance (année) et année de référence + 1 ) par structure dont le sexe est 'homme' et [CSP] Ouvrier et année[Date de sortie] dans ('reference','null')
Effectifs;Rémunérations et déroulement de carrière;Age;Age moyen des femmes par CSP;Ouvrier;Moyenne (calculé l'age entre date de naissance (année) et année de référence + 1 ) par structure dont le sexe est 'femme' et [CSP] Ouvrier et année[Date de sortie] dans ('reference','null')
Effectifs;Rémunérations et déroulement de carrière;Age;Age moyen des hommes par CSP;Employé;Moyenne (calculé l'age entre date de naissance (année) et année de référence + 1 ) par structure dont le sexe est 'homme' et [CSP] Employé et année[Date de sortie] dans ('reference','null')
Effectifs;Rémunérations et déroulement de carrière;Age;Age moyen des femmes par CSP;Employé;Moyenne (calculé l'age entre date de naissance (année) et année de référence + 1 ) par structure dont le sexe est 'femme' et [CSP] Employé et année[Date de sortie] dans ('reference','null')
Effectifs;Rémunérations et déroulement de carrière;Rémunérations;Rémunération moyenne mensuelle des hommes par CSP;Cadre;Moyenne du salaire mensuel brut par structure dont [CSP] est 'Cadre' et sexe est 'homme' et année[Date de sortie] dans ('reference','null')
Effectifs;Rémunérations et déroulement de carrière;Rémunérations;Rémunération moyenne mensuelle des femmes par CSP;Cadre;Moyenne du salaire mensuel brut par structure dont [CSP] est 'Cadre' et sexe est 'femme'  et année[Date de sortie] dans ('reference','null')
Effectifs;Rémunérations et déroulement de carrière;Rémunérations;Rémunération moyenne mensuelle des hommes par CSP;Agent de Maitrise;Moyenne du salaire mensuel brut par structure dont [CSP] est 'Agent de maitrise' et sexe est 'homme' et année[Date de sortie] dans ('reference','null')
Effectifs;Rémunérations et déroulement de carrière;Rémunérations;Rémunération moyenne mensuelle des femmes par CSP;Agent de Maitrise;Moyenne du salaire mensuel brut par structure dont [CSP] est 'Agent de maitrise' et sexe est 'femme'  et année[Date de sortie] dans ('reference','null')
Effectifs;Rémunérations et déroulement de carrière;Rémunérations;Rémunération moyenne mensuelle des hommes par CSP;Technicien;Moyenne du salaire mensuel brut par structure dont [CSP] est 'Technicien' et sexe est 'homme' et année[Date de sortie] dans ('reference','null')
Effectifs;Rémunérations et déroulement de carrière;Rémunérations;Rémunération moyenne mensuelle des femmes par CSP;Technicien;Moyenne du salaire mensuel brut par structure dont [CSP] est 'Technicien' et sexe est 'femme'  et année[Date de sortie] dans ('reference','null')
Effectifs;Rémunérations et déroulement de carrière;Rémunérations;Rémunération moyenne mensuelle des hommes par CSP;Employé;Moyenne du salaire mensuel brut par structure dont [CSP] est 'employé' et sexe est 'homme' et année[Date de sortie] dans ('reference','null')
Effectifs;Rémunérations et déroulement de carrière;Rémunérations;Rémunération moyenne mensuelle des femmes par CSP;Employé;Moyenne du salaire mensuel brut par structure dont [CSP] est 'employé' et sexe est 'femme'  et année[Date de sortie] dans ('reference','null')
Effectifs;Rémunérations et déroulement de carrière;Rémunérations;Rémunération moyenne mensuelle des hommes par CSP;Ouvrier;Moyenne du salaire mensuel brut par structure dont [CSP] est 'Ouvrier' et sexe est 'homme' et année[Date de sortie] dans ('reference','null')
Effectifs;Rémunérations et déroulement de carrière;Rémunérations;Rémunération moyenne mensuelle des femmes par CSP;Ouvrier;Moyenne du salaire mensuel brut par structure dont [CSP] est 'Ouvrier' et sexe est 'femme'  et année[Date de sortie] dans ('reference','null')
Effectifs;Evolution des effectifs;Effectif;Nombre de salariés titulaires d'un contrat de travail;A durée indéterminée;Nombre [matricule] par [structure] dont [Type de contrat] est 'CDI' et année[Date de sortie] dans ('reference','null')
Effectifs;Evolution des effectifs;Effectif;Nombre de salariés titulaires d'un contrat de travail;A durée déterminée;Nombre [matricule] par [structure] dont [Type de contrat] est 'CDD' et année[Date de sortie] dans ('reference','null')
Effectifs;Evolution des effectifs;Effectif;Nombre de contrats d'insertion et de formation en alternance ouverts aux jeunes de moins de vingt-six ans;Contrats d’insertion et de formation en alternance ouverts aux jeunes de moins de vingt-six ans;Nombre [matricule] par [structure] dont [Type de contrat] est alternance (contrat d'apprentissage) et la différence entre la date de naissance et l'année de référence  et année[Date de sortie] dans ('reference','null')est infèrieur ou égal à 26 ans
Effectifs;Evolution des effectifs;Charge salariale globale;Frais de personnel;Frais de personnel;∑ salaire mensuel brut multiplié par le nombre de mois salaire mensuel théorique multiplié par le variable